{
	"format_version": "1.21.6",
	"credit": "Made with Blockbench",
	"texture_size": [64, 64],
	"textures": {
		"0": "item/texture_divine_sword",
		"particle": "item/texture_divine_sword"
	},
	"elements": [
		{
			"from": [8, 22.77817, 11.02817],
			"to": [8, 31.77817, 20.02817],
			"rotation": {"angle": -45, "axis": "x", "origin": [8.5, 20.25, 8.5]},
			"faces": {
				"north": {"uv": [0, 0, 0, 2.25], "texture": "#0"},
				"east": {"uv": [0, 0, 2.25, 2.25], "texture": "#0"},
				"south": {"uv": [0, 0, 0, 2.25], "texture": "#0"},
				"west": {"uv": [0, 2.25, 2.25, 4.5], "texture": "#0"},
				"up": {"uv": [0, 2.25, 0, 0], "texture": "#0"},
				"down": {"uv": [0, 0, 0, 2.25], "texture": "#0"}
			}
		},
		{
			"from": [8, 5.02817, 12.02817],
			"to": [8, 12.02817, 19.02817],
			"rotation": {"angle": -45, "axis": "x", "origin": [8.5, 1.5, 8.5]},
			"faces": {
				"north": {"uv": [0, 0, 0, 1.75], "texture": "#0"},
				"east": {"uv": [4.5, 1.5, 6.25, 3.25], "texture": "#0"},
				"south": {"uv": [0, 0, 0, 1.75], "texture": "#0"},
				"west": {"uv": [2.25, 4.5, 4, 6.25], "texture": "#0"},
				"up": {"uv": [0, 1.75, 0, 0], "texture": "#0"},
				"down": {"uv": [0, 0, 0, 1.75], "texture": "#0"}
			}
		},
		{
			"from": [8, 13.68934, 4],
			"to": [8, 17.93934, 9],
			"rotation": {"angle": -22.5, "axis": "x", "origin": [7.5, 14.43934, 7.5]},
			"faces": {
				"north": {"uv": [0, 0, 0, 1], "texture": "#0"},
				"east": {"uv": [5.5, 8, 6.75, 9], "texture": "#0"},
				"south": {"uv": [0, 0, 0, 1], "texture": "#0"},
				"west": {"uv": [8.5, 0, 9.75, 1], "texture": "#0"},
				"up": {"uv": [0, 1.25, 0, 0], "texture": "#0"},
				"down": {"uv": [0, 0, 0, 1.25], "texture": "#0"}
			}
		},
		{
			"from": [8, 10.02817, 10.02817],
			"to": [8, 19.02817, 19.02817],
			"rotation": {"angle": -45, "axis": "x", "origin": [8.75, 8.5, 8.5]},
			"faces": {
				"north": {"uv": [0, 0, 0, 2.25], "texture": "#0"},
				"east": {"uv": [2.25, 0, 4.5, 2.25], "texture": "#0"},
				"south": {"uv": [0, 0, 0, 2.25], "texture": "#0"},
				"west": {"uv": [2.25, 2.25, 4.5, 4.5], "texture": "#0"},
				"up": {"uv": [0, 2.25, 0, 0], "texture": "#0"},
				"down": {"uv": [0, 0, 0, 2.25], "texture": "#0"}
			}
		},
		{
			"from": [8, 19.25, 4.5],
			"to": [8, 24, 12.5],
			"rotation": {"angle": 0, "axis": "y", "origin": [8.5, 1.5, 8.5]},
			"faces": {
				"north": {"uv": [0, 0, 0, 1.25], "texture": "#0"},
				"east": {"uv": [3.5, 6.75, 5.5, 8], "texture": "#0"},
				"south": {"uv": [0, 0, 0, 1.25], "texture": "#0"},
				"west": {"uv": [5.5, 6.75, 7.5, 8], "texture": "#0"},
				"up": {"uv": [0, 2, 0, 0], "texture": "#0"},
				"down": {"uv": [0, 0, 0, 2], "texture": "#0"}
			}
		},
		{
			"from": [8, 18, 12],
			"to": [8, 25, 19],
			"rotation": {"angle": -45, "axis": "x", "origin": [8.5, 14.5, 8.5]},
			"faces": {
				"north": {"uv": [0, 0, 0, 1.75], "texture": "#0"},
				"east": {"uv": [4.5, 3.25, 6.25, 5], "texture": "#0"},
				"south": {"uv": [0, 0, 0, 1.75], "texture": "#0"},
				"west": {"uv": [4, 5, 5.75, 6.75], "texture": "#0"},
				"up": {"uv": [0, 1.75, 0, 0], "texture": "#0"},
				"down": {"uv": [0, 0, 0, 1.75], "texture": "#0"}
			}
		},
		{
			"from": [8, 24.5, 4],
			"to": [8, 30, 13],
			"rotation": {"angle": 0, "axis": "y", "origin": [8.5, 0.5, 8.5]},
			"faces": {
				"north": {"uv": [0, 0, 0, 1.5], "texture": "#0"},
				"east": {"uv": [0, 4.5, 2.25, 6], "texture": "#0"},
				"south": {"uv": [0, 0, 0, 1.5], "texture": "#0"},
				"west": {"uv": [4.5, 0, 6.75, 1.5], "texture": "#0"},
				"up": {"uv": [0, 2.25, 0, 0], "texture": "#0"},
				"down": {"uv": [0, 0, 0, 2.25], "texture": "#0"}
			}
		},
		{
			"from": [8, 13.68934, 8],
			"to": [8, 17.93934, 13],
			"rotation": {"angle": 22.5, "axis": "x", "origin": [8, 14.43934, 9.5]},
			"faces": {
				"north": {"uv": [0, 0, 0, 1], "texture": "#0"},
				"east": {"uv": [8.75, 7.75, 10, 8.75], "texture": "#0"},
				"south": {"uv": [0, 0, 0, 1], "texture": "#0"},
				"west": {"uv": [8.75, 8.75, 10, 9.75], "texture": "#0"},
				"up": {"uv": [0, 1.25, 0, 0], "texture": "#0"},
				"down": {"uv": [0, 0, 0, 1.25], "texture": "#0"}
			}
		},
		{
			"from": [6.5, 0, 7],
			"to": [9.5, 3, 10],
			"rotation": {"angle": 0, "axis": "x", "origin": [8.5, 1.5, 8.5]},
			"faces": {
				"north": {"uv": [2.5, 9.5, 3.25, 10.25], "texture": "#0"},
				"east": {"uv": [3.25, 9.5, 4, 10.25], "texture": "#0"},
				"south": {"uv": [9.5, 3.5, 10.25, 4.25], "texture": "#0"},
				"west": {"uv": [4, 9.5, 4.75, 10.25], "texture": "#0"},
				"up": {"uv": [10.25, 5, 9.5, 4.25], "texture": "#0"},
				"down": {"uv": [5.5, 9.5, 4.75, 10.25], "texture": "#0"}
			}
		},
		{
			"from": [7.25, 12, 7.5],
			"to": [8.75, 19, 9.5],
			"rotation": {"angle": 0, "axis": "x", "origin": [8.5, 1.5, 8.5]},
			"faces": {
				"north": {"uv": [6.75, 8, 7.25, 9.75], "texture": "#0"},
				"east": {"uv": [0, 9, 0.5, 10.75], "texture": "#0"},
				"south": {"uv": [0.5, 9, 1, 10.75], "texture": "#0"},
				"west": {"uv": [9, 2.75, 9.5, 4.5], "texture": "#0"},
				"up": {"uv": [4.5, 5, 4, 4.5], "texture": "#0"},
				"down": {"uv": [4, 6.25, 3.5, 6.75], "texture": "#0"}
			}
		},
		{
			"from": [7.55, 18.5, 5.5],
			"to": [8.45, 24, 11.5],
			"rotation": {"angle": 0, "axis": "x", "origin": [8.5, 1.5, 8.5]},
			"faces": {
				"north": {"uv": [10, 2, 10.25, 3.5], "texture": "#0"},
				"east": {"uv": [7.5, 4.75, 9, 6.25], "texture": "#0"},
				"south": {"uv": [10, 6.5, 10.25, 8], "texture": "#0"},
				"west": {"uv": [7.5, 6.25, 9, 7.75], "texture": "#0"},
				"up": {"uv": [10.25, 9.5, 10, 8], "texture": "#0"},
				"down": {"uv": [10.25, 9.5, 10, 11], "texture": "#0"}
			}
		},
		{
			"from": [7.55, 24.5, 5],
			"to": [8.45, 30, 12],
			"rotation": {"angle": 0, "axis": "y", "origin": [8.5, 0.5, 8.5]},
			"faces": {
				"north": {"uv": [10.25, 0, 10.5, 1.5], "texture": "#0"},
				"east": {"uv": [6.25, 3.25, 8, 4.75], "texture": "#0"},
				"south": {"uv": [10.25, 1.5, 10.5, 3], "texture": "#0"},
				"west": {"uv": [6.75, 0, 8.5, 1.5], "texture": "#0"},
				"up": {"uv": [7.25, 11.5, 7, 9.75], "texture": "#0"},
				"down": {"uv": [9, 9.75, 8.75, 11.5], "texture": "#0"}
			}
		},
		{
			"from": [7, 3, 7.5],
			"to": [9, 7, 9.5],
			"rotation": {"angle": 0, "axis": "x", "origin": [8.5, 1.5, 8.5]},
			"faces": {
				"north": {"uv": [9.5, 6.5, 10, 7.5], "texture": "#0"},
				"east": {"uv": [9.75, 0, 10.25, 1], "texture": "#0"},
				"south": {"uv": [9.75, 1, 10.25, 2], "texture": "#0"},
				"west": {"uv": [6.5, 9.75, 7, 10.75], "texture": "#0"},
				"up": {"uv": [10.75, 5, 10.25, 4.5], "texture": "#0"},
				"down": {"uv": [5.25, 10.25, 4.75, 10.75], "texture": "#0"}
			}
		},
		{
			"from": [7, 6.02817, 13.02817],
			"to": [9, 11.02817, 18.02817],
			"rotation": {"angle": -45, "axis": "x", "origin": [8.5, 1.5, 8.5]},
			"faces": {
				"north": {"uv": [9, 6.25, 9.5, 7.5], "texture": "#0"},
				"east": {"uv": [0, 7.75, 1.25, 9], "texture": "#0"},
				"south": {"uv": [7.75, 9, 8.25, 10.25], "texture": "#0"},
				"west": {"uv": [7.5, 7.75, 8.75, 9], "texture": "#0"},
				"up": {"uv": [8.75, 10.25, 8.25, 9], "texture": "#0"},
				"down": {"uv": [1.5, 9.25, 1, 10.5], "texture": "#0"}
			}
		},
		{
			"from": [7, 19.02817, 13.02817],
			"to": [9, 24.02817, 18.02817],
			"rotation": {"angle": -45, "axis": "x", "origin": [8.5, 14.5, 8.5]},
			"faces": {
				"north": {"uv": [9.25, 1, 9.75, 2.25], "texture": "#0"},
				"east": {"uv": [1.25, 8, 2.5, 9.25], "texture": "#0"},
				"south": {"uv": [1.5, 9.25, 2, 10.5], "texture": "#0"},
				"west": {"uv": [8, 1.5, 9.25, 2.75], "texture": "#0"},
				"up": {"uv": [2.5, 10.5, 2, 9.25], "texture": "#0"},
				"down": {"uv": [10, 2.25, 9.5, 3.5], "texture": "#0"}
			}
		},
		{
			"from": [7.25, 23.77817, 12.02817],
			"to": [8.75, 30.77817, 19.02817],
			"rotation": {"angle": -45, "axis": "x", "origin": [8.5, 20.25, 8.5]},
			"faces": {
				"north": {"uv": [9, 4.5, 9.5, 6.25], "texture": "#0"},
				"east": {"uv": [5.75, 5, 7.5, 6.75], "texture": "#0"},
				"south": {"uv": [5.5, 9, 6, 10.75], "texture": "#0"},
				"west": {"uv": [0, 6, 1.75, 7.75], "texture": "#0"},
				"up": {"uv": [6.5, 10.75, 6, 9], "texture": "#0"},
				"down": {"uv": [7.75, 9, 7.25, 10.75], "texture": "#0"}
			}
		},
		{
			"from": [7.3, 11.02817, 11.02817],
			"to": [8.7, 18.02817, 18.02817],
			"rotation": {"angle": -45, "axis": "x", "origin": [8.5, 8.5, 8.5]},
			"faces": {
				"north": {"uv": [9, 9.75, 9.25, 11.5], "texture": "#0"},
				"east": {"uv": [6.25, 1.5, 8, 3.25], "texture": "#0"},
				"south": {"uv": [9.25, 9.75, 9.5, 11.5], "texture": "#0"},
				"west": {"uv": [1.75, 6.25, 3.5, 8], "texture": "#0"},
				"up": {"uv": [9.75, 11.5, 9.5, 9.75], "texture": "#0"},
				"down": {"uv": [10, 9.75, 9.75, 11.5], "texture": "#0"}
			}
		},
		{
			"from": [7.5, 11.93934, 5],
			"to": [8.5, 17.93934, 9],
			"rotation": {"angle": -22.5, "axis": "x", "origin": [8, 14.43934, 7.5]},
			"faces": {
				"north": {"uv": [2.5, 10.25, 2.75, 11.75], "texture": "#0"},
				"east": {"uv": [2.5, 8, 3.5, 9.5], "texture": "#0"},
				"south": {"uv": [2.75, 10.25, 3, 11.75], "texture": "#0"},
				"west": {"uv": [8, 2.75, 9, 4.25], "texture": "#0"},
				"up": {"uv": [7.5, 9, 7.25, 8], "texture": "#0"},
				"down": {"uv": [10.5, 5, 10.25, 6], "texture": "#0"}
			}
		},
		{
			"from": [7.5, 11.93934, 8],
			"to": [8.5, 17.93934, 12],
			"rotation": {"angle": 22.5, "axis": "x", "origin": [8, 14.43934, 9.5]},
			"faces": {
				"north": {"uv": [3, 10.25, 3.25, 11.75], "texture": "#0"},
				"east": {"uv": [3.5, 8, 4.5, 9.5], "texture": "#0"},
				"south": {"uv": [10.25, 3, 10.5, 4.5], "texture": "#0"},
				"west": {"uv": [4.5, 8, 5.5, 9.5], "texture": "#0"},
				"up": {"uv": [5.5, 11.25, 5.25, 10.25], "texture": "#0"},
				"down": {"uv": [10.5, 6, 10.25, 7], "texture": "#0"}
			}
		},
		{
			"from": [6.75, 7, 7.25],
			"to": [9.25, 9, 9.75],
			"rotation": {"angle": 0, "axis": "x", "origin": [8.5, 1.5, 8.5]},
			"faces": {
				"north": {"uv": [8, 4.25, 8.75, 4.75], "texture": "#0"},
				"east": {"uv": [8.5, 1, 9.25, 1.5], "texture": "#0"},
				"south": {"uv": [3.25, 10.25, 4, 10.75], "texture": "#0"},
				"west": {"uv": [4, 10.25, 4.75, 10.75], "texture": "#0"},
				"up": {"uv": [10.25, 5.75, 9.5, 5], "texture": "#0"},
				"down": {"uv": [10.25, 5.75, 9.5, 6.5], "texture": "#0"}
			}
		}
	],
	"display": {
		"thirdperson_righthand": {
			"translation": [0, 0, 1]
		},
		"thirdperson_lefthand": {
			"translation": [0, 0, 1]
		},
		"firstperson_righthand": {
			"translation": [2.75, 1.5, 1],
			"scale": [0.46, 0.46, 0.46]
		},
		"firstperson_lefthand": {
			"translation": [2.75, 1.5, 1],
			"scale": [0.46, 0.46, 0.46]
		},
		"ground": {
			"rotation": [21, 0, 13],
			"translation": [0.25, 5.5, -2],
			"scale": [0.58, 0.58, 0.58]
		},
		"gui": {
			"rotation": [-98, 130, 90],
			"translation": [-4, -3.75, 0],
			"scale": [0.53, 0.53, 0.53]
		},
		"head": {
			"translation": [0, 7.5, 0]
		},
		"fixed": {
			"rotation": [0, 90, 0],
			"translation": [0, -6.75, 0],
			"scale": [0.63, 0.63, 0.63]
		}
	},
	"groups": [
		{
			"name": "root",
			"origin": [8.5, 1.5, 1.5],
			"color": 0,
			"children": [
				{
					"name": "outline",
					"origin": [8.5, 1.5, 8.5],
					"color": 0,
					"children": [0, 1, 2, 3, 4, 5, 6, 7]
				},
				8,
				9,
				10,
				11,
				12,
				13,
				14,
				15,
				16,
				17,
				18,
				19
			]
		}
	]
}