{
	"format_version": "1.21.6",
	"credit": "Made with Blockbench",
	"textures": {
		"0": "item/texture_invisible_bracelet",
		"particle": "item/texture_invisible_bracelet"
	},
	"elements": [
		{
			"from": [5, 0, 5],
			"to": [10, 1, 6],
			"rotation": {"angle": 0, "axis": "y", "origin": [7, 0, 7]},
			"faces": {
				"north": {"uv": [0, 0, 5, 1], "texture": "#0"},
				"east": {"uv": [8, 7, 9, 8], "texture": "#0"},
				"south": {"uv": [0, 1, 5, 2], "texture": "#0"},
				"west": {"uv": [8, 8, 9, 9], "texture": "#0"},
				"up": {"uv": [5, 3, 0, 2], "texture": "#0"},
				"down": {"uv": [5, 3, 0, 4], "texture": "#0"}
			}
		},
		{
			"from": [7, -0.5, 4.5],
			"to": [9, 1.5, 5],
			"rotation": {"angle": 0, "axis": "y", "origin": [7, 0, 7]},
			"faces": {
				"north": {"uv": [0, 11, 2, 13], "texture": "#0"},
				"east": {"uv": [3, 8, 4, 10], "texture": "#0"},
				"south": {"uv": [6, 6, 8, 8], "texture": "#0"},
				"west": {"uv": [4, 8, 5, 10], "texture": "#0"},
				"up": {"uv": [8, 9, 6, 8], "texture": "#0"},
				"down": {"uv": [10, 6, 8, 7], "texture": "#0"}
			}
		},
		{
			"from": [6, 0, 10],
			"to": [11, 1, 11],
			"rotation": {"angle": 0, "axis": "y", "origin": [7, 0, 8]},
			"faces": {
				"north": {"uv": [0, 4, 5, 5], "texture": "#0"},
				"east": {"uv": [5, 9, 6, 10], "texture": "#0"},
				"south": {"uv": [0, 5, 5, 6], "texture": "#0"},
				"west": {"uv": [6, 9, 7, 10], "texture": "#0"},
				"up": {"uv": [10, 1, 5, 0], "texture": "#0"},
				"down": {"uv": [10, 1, 5, 2], "texture": "#0"}
			}
		},
		{
			"from": [10, 0, 5],
			"to": [11, 1, 10],
			"rotation": {"angle": 0, "axis": "y", "origin": [7, 0, 7]},
			"faces": {
				"north": {"uv": [7, 9, 8, 10], "texture": "#0"},
				"east": {"uv": [5, 2, 10, 3], "texture": "#0"},
				"south": {"uv": [9, 7, 10, 8], "texture": "#0"},
				"west": {"uv": [5, 3, 10, 4], "texture": "#0"},
				"up": {"uv": [6, 9, 5, 4], "texture": "#0"},
				"down": {"uv": [1, 6, 0, 11], "texture": "#0"}
			}
		},
		{
			"from": [5, 0, 6],
			"to": [6, 1, 11],
			"rotation": {"angle": 0, "axis": "y", "origin": [2, 0, 8]},
			"faces": {
				"north": {"uv": [8, 9, 9, 10], "texture": "#0"},
				"east": {"uv": [6, 4, 11, 5], "texture": "#0"},
				"south": {"uv": [9, 8, 10, 9], "texture": "#0"},
				"west": {"uv": [6, 5, 11, 6], "texture": "#0"},
				"up": {"uv": [2, 11, 1, 6], "texture": "#0"},
				"down": {"uv": [3, 6, 2, 11], "texture": "#0"}
			}
		}
	],
	"display": {
		"thirdperson_righthand": {
			"rotation": [90, 0, 0],
			"translation": [0, -2, 10.25],
			"scale": [0, 0, 0]
		},
		"thirdperson_lefthand": {
			"rotation": [90, 0, 0],
			"translation": [0, -2, 10.25],
			"scale": [0, 0, 0]
		},
		"firstperson_righthand": {
			"rotation": [89, 38, -180],
			"translation": [1.5, 0.5, -4.25]
		},
		"firstperson_lefthand": {
			"rotation": [89, 38, -180],
			"translation": [1.5, 0.5, -4.25]
		},
		"ground": {
			"translation": [0, 8.5, 0]
		},
		"gui": {
			"rotation": [-154, -54, 0],
			"translation": [0, -11.5, 12.75],
			"scale": [1.67, 1.67, 1.67]
		},
		"head": {
			"translation": [0, 12, 0],
			"scale": [2.5, 2.5, 2.5]
		},
		"fixed": {
			"rotation": [90, 0, 0],
			"translation": [0, -0.25, 12.75],
			"scale": [1.67, 1.67, 1.67]
		}
	},
	"groups": [
		{
			"name": "root",
			"origin": [8, 8, 8],
			"color": 0,
			"children": [0, 1, 2, 3, 4]
		}
	]
}