{
	"format_version": "1.21.6",
	"credit": "Made with Blockbench",
	"texture_size": [32, 32],
	"textures": {
		"1": "item/texture_glasses",
		"2": "item/texture_miner_helmet",
		"particle": "item/texture_miner_helmet"
	},
	"elements": [
		{
			"from": [9.5, 6, 3],
			"to": [10.5, 9, 4],
			"rotation": {"angle": 25, "axis": "x", "origin": [12, 7, 4]},
			"faces": {
				"north": {"uv": [3, 5, 3.5, 6.5], "texture": "#1"},
				"east": {"uv": [3.5, 5, 4, 6.5], "texture": "#1"},
				"south": {"uv": [4, 5, 4.5, 6.5], "texture": "#1"},
				"west": {"uv": [5, 4, 5.5, 5.5], "texture": "#1"},
				"up": {"uv": [7, 2, 6.5, 1.5], "texture": "#1"},
				"down": {"uv": [4.5, 6.5, 4, 7], "texture": "#1"}
			}
		},
		{
			"from": [10.5, 6, 3],
			"to": [12.5, 7, 4],
			"rotation": {"angle": 25, "axis": "x", "origin": [12, 7, 4]},
			"faces": {
				"north": {"uv": [5, 2.5, 6, 3], "texture": "#1"},
				"east": {"uv": [6.5, 4, 7, 4.5], "texture": "#1"},
				"south": {"uv": [5, 3, 6, 3.5], "texture": "#1"},
				"west": {"uv": [4.5, 6.5, 5, 7], "texture": "#1"},
				"up": {"uv": [6.5, 2, 5.5, 1.5], "texture": "#1"},
				"down": {"uv": [6.5, 4, 5.5, 4.5], "texture": "#1"}
			}
		},
		{
			"from": [10.5, 7, 3],
			"to": [12.5, 9, 4],
			"rotation": {"angle": 25, "axis": "x", "origin": [12, 7, 4]},
			"faces": {
				"north": {"uv": [4, 2.5, 5, 3.5], "texture": "#1"},
				"east": {"uv": [5.5, 4.5, 6, 5.5], "texture": "#1"},
				"south": {"uv": [4.5, 0, 5.5, 1], "texture": "#1"},
				"west": {"uv": [5, 5.5, 5.5, 6.5], "texture": "#1"},
				"up": {"uv": [6.5, 6, 5.5, 5.5], "texture": "#1"},
				"down": {"uv": [7, 0, 6, 0.5], "texture": "#1"}
			}
		},
		{
			"from": [5.425, 6, 2.6],
			"to": [6.425, 9, 3.6],
			"rotation": {"angle": 25, "axis": "x", "origin": [4.925, 7, 3.6]},
			"faces": {
				"north": {"uv": [4.5, 5, 5, 6.5], "texture": "#1"},
				"east": {"uv": [5.5, 0, 6, 1.5], "texture": "#1"},
				"south": {"uv": [2, 5.5, 2.5, 7], "texture": "#1"},
				"west": {"uv": [2.5, 5.5, 3, 7], "texture": "#1"},
				"up": {"uv": [7, 5, 6.5, 4.5], "texture": "#1"},
				"down": {"uv": [5.5, 6.5, 5, 7], "texture": "#1"}
			}
		},
		{
			"from": [3.425, 6, 2.6],
			"to": [5.425, 7, 3.6],
			"rotation": {"angle": 25, "axis": "x", "origin": [4.925, 7, 3.6]},
			"faces": {
				"north": {"uv": [6, 0.5, 7, 1], "texture": "#1"},
				"east": {"uv": [6.5, 5, 7, 5.5], "texture": "#1"},
				"south": {"uv": [6, 1, 7, 1.5], "texture": "#1"},
				"west": {"uv": [6.5, 5.5, 7, 6], "texture": "#1"},
				"up": {"uv": [7, 3, 6, 2.5], "texture": "#1"},
				"down": {"uv": [7, 3, 6, 3.5], "texture": "#1"}
			}
		},
		{
			"from": [3.425, 7, 2.6],
			"to": [5.425, 9, 3.6],
			"rotation": {"angle": 25, "axis": "x", "origin": [4.925, 7, 3.6]},
			"faces": {
				"north": {"uv": [4.5, 1, 5.5, 2], "texture": "#1"},
				"east": {"uv": [6, 4.5, 6.5, 5.5], "texture": "#1"},
				"south": {"uv": [2, 4.5, 3, 5.5], "texture": "#1"},
				"west": {"uv": [5.5, 6, 6, 7], "texture": "#1"},
				"up": {"uv": [7, 4, 6, 3.5], "texture": "#1"},
				"down": {"uv": [7, 6, 6, 6.5], "texture": "#1"}
			}
		},
		{
			"from": [6, 7.5, 3.75],
			"to": [10, 9, 4],
			"rotation": {"angle": 17.5, "axis": "x", "origin": [8, 8.5, 3.25]},
			"faces": {
				"north": {"uv": [0, 2, 2, 3], "texture": "#1"},
				"east": {"uv": [3, 6.5, 3.5, 7.5], "texture": "#1"},
				"south": {"uv": [2, 2, 4, 3], "texture": "#1"},
				"west": {"uv": [3.5, 6.5, 4, 7.5], "texture": "#1"},
				"up": {"uv": [6, 4, 4, 3.5], "texture": "#1"},
				"down": {"uv": [5, 4.5, 3, 5], "texture": "#1"}
			}
		},
		{
			"from": [12.1, 7, 4.25],
			"to": [12.6, 8, 12.25],
			"rotation": {"angle": 17.5, "axis": "x", "origin": [12.5, 7, 6]},
			"faces": {
				"north": {"uv": [6, 6.5, 6.5, 7], "texture": "#1"},
				"east": {"uv": [0, 3, 4, 3.5], "texture": "#1"},
				"south": {"uv": [6.5, 6.5, 7, 7], "texture": "#1"},
				"west": {"uv": [0, 3.5, 4, 4], "texture": "#1"},
				"up": {"uv": [0.5, 8, 0, 4], "texture": "#1"},
				"down": {"uv": [1, 4, 0.5, 8], "texture": "#1"}
			}
		},
		{
			"from": [3.4, 7, 3.75],
			"to": [3.9, 8, 12.25],
			"rotation": {"angle": 17.5, "axis": "x", "origin": [4, 7, 6]},
			"faces": {
				"north": {"uv": [7, 0, 7.5, 0.5], "texture": "#1"},
				"east": {"uv": [1, 4, 5, 4.5], "texture": "#1"},
				"south": {"uv": [7, 0.5, 7.5, 1], "texture": "#1"},
				"west": {"uv": [4, 2, 8, 2.5], "texture": "#1"},
				"up": {"uv": [1.5, 8.5, 1, 4.5], "texture": "#1"},
				"down": {"uv": [2, 4.5, 1.5, 8.5], "texture": "#1"}
			}
		},
		{
			"from": [3.475, 4.925, 11.9],
			"to": [12.525, 5.925, 12.4],
			"rotation": {"angle": 7.5, "axis": "x", "origin": [8, 3.925, 12.9]},
			"faces": {
				"north": {"uv": [0, 0, 4.5, 0.5], "texture": "#1"},
				"east": {"uv": [7, 1, 7.5, 1.5], "texture": "#1"},
				"south": {"uv": [0, 0.5, 4.5, 1], "texture": "#1"},
				"west": {"uv": [7, 1.5, 7.5, 2], "texture": "#1"},
				"up": {"uv": [4.5, 1.5, 0, 1], "texture": "#1"},
				"down": {"uv": [4.5, 1.5, 0, 2], "texture": "#1"}
			}
		},
		{
			"from": [12, 5, 4],
			"to": [12, 8, 12],
			"rotation": {"angle": 0, "axis": "y", "origin": [18, 0, 4]},
			"faces": {
				"north": {"uv": [0, 0, 0, 1.5], "texture": "#2"},
				"east": {"uv": [4, 0, 8, 1.5], "texture": "#2"},
				"south": {"uv": [0, 0, 0, 1.5], "texture": "#2"},
				"west": {"uv": [8, 0, 4, 1.5], "texture": "#2"},
				"up": {"uv": [0, 4, 0, 0], "texture": "#2"},
				"down": {"uv": [0, 0, 0, 4], "texture": "#2"}
			}
		},
		{
			"from": [4, 5, 4],
			"to": [12, 8, 4],
			"rotation": {"angle": 0, "axis": "y", "origin": [10, 0, 4]},
			"faces": {
				"north": {"uv": [4, 3, 8, 4.5], "texture": "#2"},
				"east": {"uv": [0, 0, 0, 1.5], "texture": "#2"},
				"south": {"uv": [4, 3, 8, 4.5], "texture": "#2"},
				"west": {"uv": [0, 0, 0, 1.5], "texture": "#2"},
				"up": {"uv": [4, 0, 0, 0], "texture": "#2"},
				"down": {"uv": [4, 0, 0, 0], "texture": "#2"}
			}
		},
		{
			"from": [4, 5, 12],
			"to": [12, 8, 12],
			"rotation": {"angle": 0, "axis": "y", "origin": [10, 0, 12]},
			"faces": {
				"north": {"uv": [4, 7.5, 8, 9], "texture": "#2"},
				"east": {"uv": [0, 0, 0, 1.5], "texture": "#2"},
				"south": {"uv": [4, 7.5, 8, 9], "texture": "#2"},
				"west": {"uv": [0, 0, 0, 1.5], "texture": "#2"},
				"up": {"uv": [4, 0, 0, 0], "texture": "#2"},
				"down": {"uv": [4, 0, 0, 0], "texture": "#2"}
			}
		},
		{
			"from": [4, 8, 4],
			"to": [12, 8, 12],
			"rotation": {"angle": 0, "axis": "y", "origin": [10, 0, 12]},
			"faces": {
				"north": {"uv": [0, 0, 4, 0], "texture": "#2"},
				"east": {"uv": [0, 0, 4, 0], "texture": "#2"},
				"south": {"uv": [0, 0, 4, 0], "texture": "#2"},
				"west": {"uv": [0, 0, 4, 0], "texture": "#2"},
				"up": {"uv": [4, 4, 0, 0], "texture": "#2"},
				"down": {"uv": [4, 0, 0, 4], "texture": "#2"}
			}
		},
		{
			"from": [4, 5, 4],
			"to": [4, 8, 12],
			"rotation": {"angle": 0, "axis": "y", "origin": [10, 0, 4]},
			"faces": {
				"north": {"uv": [0, 0, 0, 1.5], "texture": "#2"},
				"east": {"uv": [12, 0, 8, 1.5], "texture": "#2"},
				"south": {"uv": [0, 0, 0, 1.5], "texture": "#2"},
				"west": {"uv": [8, 0, 12, 1.5], "texture": "#2"},
				"up": {"uv": [0, 4, 0, 0], "texture": "#2"},
				"down": {"uv": [0, 0, 0, 4], "texture": "#2"}
			}
		},
		{
			"from": [4, 0, 4],
			"to": [4, 5, 12],
			"rotation": {"angle": 0, "axis": "y", "origin": [10, -3, 4]},
			"faces": {
				"north": {"uv": [0, 0, 0, 1.5], "texture": "#2"},
				"east": {"uv": [12, 1.5, 8, 4], "texture": "#2"},
				"south": {"uv": [0, 0, 0, 1.5], "texture": "#2"},
				"west": {"uv": [8, 1.5, 12, 4], "texture": "#2"},
				"up": {"uv": [0, 4, 0, 0], "texture": "#2"},
				"down": {"uv": [0, 0, 0, 4], "texture": "#2"}
			}
		},
		{
			"from": [12, 0, 4],
			"to": [12, 5, 12],
			"rotation": {"angle": 0, "axis": "y", "origin": [18, -3, 4]},
			"faces": {
				"north": {"uv": [0, 0, 0, 1.5], "texture": "#2"},
				"east": {"uv": [12, 1.5, 8, 4], "texture": "#2"},
				"south": {"uv": [0, 0, 0, 1.5], "texture": "#2"},
				"west": {"uv": [8, 1.5, 12, 4], "texture": "#2"},
				"up": {"uv": [0, 4, 0, 0], "texture": "#2"},
				"down": {"uv": [0, 0, 0, 4], "texture": "#2"}
			}
		},
		{
			"from": [4, 0, 4],
			"to": [12, 0, 12],
			"rotation": {"angle": 0, "axis": "y", "origin": [18, -3, 4]},
			"faces": {
				"north": {"uv": [0, 0, 0, 1.5], "texture": "#2"},
				"east": {"uv": [0, 16, 0, 16], "texture": "#2"},
				"south": {"uv": [0, 0, 0, 1.5], "texture": "#2"},
				"west": {"uv": [0, 16, 0, 16], "texture": "#2"},
				"up": {"uv": [8, 9, 12, 5], "texture": "#2"},
				"down": {"uv": [8, 5, 12, 9], "texture": "#2"}
			}
		}
	],
	"display": {
		"thirdperson_righthand": {
			"rotation": [-39, 0, 0],
			"translation": [0, -0.25, -0.5],
			"scale": [0.7, 0.7, 0.7]
		},
		"thirdperson_lefthand": {
			"rotation": [-39, 0, 0],
			"translation": [0, -0.25, -0.5],
			"scale": [0.7, 0.7, 0.7]
		},
		"firstperson_righthand": {
			"rotation": [-3, 101, -9],
			"translation": [1.75, 3.75, -3.5]
		},
		"firstperson_lefthand": {
			"rotation": [-3, 101, -9],
			"translation": [1.75, 3.75, -3.5]
		},
		"ground": {
			"rotation": [11, 0, 13],
			"translation": [0, 6.5, 0]
		},
		"gui": {
			"rotation": [16, 129, 1],
			"translation": [0, 4.25, 0]
		},
		"head": {
			"translation": [0, 8, 0],
			"scale": [1.9, 1.9, 1.9]
		},
		"fixed": {
			"translation": [0, 4.25, 0]
		}
	},
	"groups": [
		{
			"name": "root",
			"origin": [18, 0, 3],
			"color": 0,
			"children": [
				{
					"name": "glasses",
					"origin": [0, 26.925, 4.5],
					"color": 0,
					"children": [0, 1, 2, 3, 4, 5, 6, 7, 8, 9]
				},
				{
					"name": "main",
					"origin": [18, 0, 4],
					"color": 0,
					"children": [10, 11, 12, 13, 14, 15, 16, 17]
				}
			]
		}
	]
}