{
	"format_version": "1.21.6",
	"credit": "Made with Blockbench",
	"textures": {
		"0": "item/texture_pensil",
		"particle": "item/texture_pensil"
	},
	"elements": [
		{
			"from": [5.25, 0, 7],
			"to": [7.25, 2, 9],
			"rotation": {"angle": 0, "axis": "y", "origin": [5.25, 0, 7]},
			"faces": {
				"north": {"uv": [5, 10, 7, 12], "texture": "#0"},
				"east": {"uv": [7, 10, 9, 12], "texture": "#0"},
				"south": {"uv": [9, 10, 11, 12], "texture": "#0"},
				"west": {"uv": [11, 0, 13, 2], "texture": "#0"},
				"up": {"uv": [13, 4, 11, 2], "texture": "#0"},
				"down": {"uv": [13, 4, 11, 6], "texture": "#0"}
			}
		},
		{
			"from": [8.75, 0, 7],
			"to": [10.75, 2, 9],
			"rotation": {"angle": 0, "axis": "y", "origin": [8.75, 0, 7]},
			"faces": {
				"north": {"uv": [11, 6, 13, 8], "texture": "#0"},
				"east": {"uv": [11, 8, 13, 10], "texture": "#0"},
				"south": {"uv": [11, 10, 13, 12], "texture": "#0"},
				"west": {"uv": [2, 12, 4, 14], "texture": "#0"},
				"up": {"uv": [6, 14, 4, 12], "texture": "#0"},
				"down": {"uv": [8, 12, 6, 14], "texture": "#0"}
			}
		},
		{
			"from": [6.75, 2, 7],
			"to": [9.25, 9, 9],
			"rotation": {"angle": 0, "axis": "y", "origin": [7, 2, 7]},
			"faces": {
				"north": {"uv": [0, 0, 3, 7], "texture": "#0"},
				"east": {"uv": [6, 0, 8, 7], "texture": "#0"},
				"south": {"uv": [3, 0, 6, 7], "texture": "#0"},
				"west": {"uv": [0, 7, 2, 14], "texture": "#0"},
				"up": {"uv": [11, 10, 8, 8], "texture": "#0"},
				"down": {"uv": [5, 10, 2, 12], "texture": "#0"}
			}
		},
		{
			"from": [6.5, 9, 6.75],
			"to": [9.5, 11, 9.25],
			"rotation": {"angle": 0, "axis": "y", "origin": [7, 2, 7]},
			"faces": {
				"north": {"uv": [8, 0, 11, 2], "texture": "#0"},
				"east": {"uv": [8, 2, 11, 4], "texture": "#0"},
				"south": {"uv": [8, 4, 11, 6], "texture": "#0"},
				"west": {"uv": [8, 6, 11, 8], "texture": "#0"},
				"up": {"uv": [5, 10, 2, 7], "texture": "#0"},
				"down": {"uv": [8, 7, 5, 10], "texture": "#0"}
			}
		}
	],
	"display": {
		"thirdperson_righthand": {
			"translation": [0, 1.75, 0.5]
		},
		"thirdperson_lefthand": {
			"translation": [0, 1.75, 0.5]
		},
		"firstperson_righthand": {
			"rotation": [-17, -4, -8],
			"translation": [4.75, 2.75, -1.5],
			"scale": [0.54, 0.54, 0.54]
		},
		"firstperson_lefthand": {
			"rotation": [-17, -4, -8],
			"translation": [4.75, 2.75, -1.5],
			"scale": [0.54, 0.54, 0.54]
		},
		"ground": {
			"translation": [0, 7.25, 0]
		},
		"gui": {
			"rotation": [21, 30, -8],
			"translation": [1, 2.5, 0],
			"scale": [1.25, 1.25, 1.25]
		},
		"head": {
			"rotation": [-93, 0, 0],
			"translation": [0, -24.25, 1],
			"scale": [1.09, 1.09, 1.09]
		},
		"fixed": {
			"translation": [0, 2.75, 0]
		}
	},
	"groups": [
		{
			"name": "root",
			"origin": [8, 8, 8],
			"color": 0,
			"children": [0, 1, 2, 3]
		}
	]
}