{
	"format_version": "1.21.6",
	"credit": "Made with Blockbench",
	"texture_size": [32, 32],
	"textures": {
		"0": "item/texture_sharpest_sword",
		"particle": "item/texture_sharpest_sword"
	},
	"elements": [
		{
			"from": [6.5, 0, 0],
			"to": [9.5, 3, 3],
			"rotation": {"angle": 0, "axis": "y", "origin": [7.5, 0, 0]},
			"faces": {
				"north": {"uv": [10, 0, 11.5, 1.5], "texture": "#0"},
				"east": {"uv": [1, 10, 2.5, 11.5], "texture": "#0"},
				"south": {"uv": [10, 1.5, 11.5, 3], "texture": "#0"},
				"west": {"uv": [2.5, 10, 4, 11.5], "texture": "#0"},
				"up": {"uv": [11.5, 4.5, 10, 3], "texture": "#0"},
				"down": {"uv": [11.5, 4.5, 10, 6], "texture": "#0"}
			}
		},
		{
			"name": "stick",
			"from": [7, 1.25, 3.75],
			"to": [9, 9.25, 5.75],
			"rotation": {"angle": 45, "axis": "x", "origin": [8, 4.75, 4.75]},
			"faces": {
				"north": {"uv": [5, 6, 6, 10], "texture": "#0"},
				"east": {"uv": [6, 6, 7, 10], "texture": "#0"},
				"south": {"uv": [7, 6, 8, 10], "texture": "#0"},
				"west": {"uv": [8, 0, 9, 4], "texture": "#0"},
				"up": {"uv": [11.5, 8, 10.5, 7], "texture": "#0"},
				"down": {"uv": [11.5, 8, 10.5, 9], "texture": "#0"}
			}
		},
		{
			"name": "stick2",
			"from": [6, 6.25, 5.75],
			"to": [10, 7.25, 13.75],
			"rotation": {"angle": 45, "axis": "x", "origin": [8, 9.75, 9.75]},
			"faces": {
				"north": {"uv": [10.5, 9, 12.5, 9.5], "texture": "#0"},
				"east": {"uv": [10, 6, 14, 6.5], "texture": "#0"},
				"south": {"uv": [10.5, 9.5, 12.5, 10], "texture": "#0"},
				"west": {"uv": [10, 6.5, 14, 7], "texture": "#0"},
				"up": {"uv": [2, 10, 0, 6], "texture": "#0"},
				"down": {"uv": [8, 0, 6, 4], "texture": "#0"}
			}
		},
		{
			"name": "sword1",
			"from": [7, 7.25, 6.75],
			"to": [9, 13.25, 12.75],
			"rotation": {"angle": 45, "axis": "x", "origin": [8, 9.75, 9.75]},
			"faces": {
				"north": {"uv": [4, 8, 5, 11], "texture": "#0"},
				"east": {"uv": [0, 0, 3, 3], "texture": "#0"},
				"south": {"uv": [8, 8, 9, 11], "texture": "#0"},
				"west": {"uv": [0, 3, 3, 6], "texture": "#0"},
				"up": {"uv": [10, 3, 9, 0], "texture": "#0"},
				"down": {"uv": [10, 3, 9, 6], "texture": "#0"}
			}
		},
		{
			"name": "sword2",
			"from": [7.25, 13.25, 6.75],
			"to": [8.75, 17.25, 12.75],
			"rotation": {"angle": 45, "axis": "x", "origin": [8, 9.75, 9.75]},
			"faces": {
				"north": {"uv": [5, 10, 6, 12], "texture": "#0"},
				"east": {"uv": [2, 6, 5, 8], "texture": "#0"},
				"south": {"uv": [6, 10, 7, 12], "texture": "#0"},
				"west": {"uv": [6, 4, 9, 6], "texture": "#0"},
				"up": {"uv": [10, 11, 9, 8], "texture": "#0"},
				"down": {"uv": [1, 10, 0, 13], "texture": "#0"}
			}
		},
		{
			"name": "sword3",
			"from": [7.5, 17.25, 6.75],
			"to": [8.5, 23.25, 12.75],
			"rotation": {"angle": 45, "axis": "x", "origin": [8.5, 9.75, 9.75]},
			"faces": {
				"north": {"uv": [7, 10, 7.5, 13], "texture": "#0"},
				"east": {"uv": [3, 0, 6, 3], "texture": "#0"},
				"south": {"uv": [10, 7, 10.5, 10], "texture": "#0"},
				"west": {"uv": [3, 3, 6, 6], "texture": "#0"},
				"up": {"uv": [8, 13, 7.5, 10], "texture": "#0"},
				"down": {"uv": [10.5, 10, 10, 13], "texture": "#0"}
			}
		},
		{
			"name": "sword4",
			"from": [7.75, 17.21016, 17.21016],
			"to": [8.25, 21.46016, 21.46016],
			"rotation": {"angle": 0, "axis": "y", "origin": [8.5, 20.71016, 20.71016]},
			"faces": {
				"north": {"uv": [10.5, 10, 11, 12], "texture": "#0"},
				"east": {"uv": [2, 8, 4, 10], "texture": "#0"},
				"south": {"uv": [4, 11, 4.5, 13], "texture": "#0"},
				"west": {"uv": [8, 6, 10, 8], "texture": "#0"},
				"up": {"uv": [5, 13, 4.5, 11], "texture": "#0"},
				"down": {"uv": [8.5, 11, 8, 13], "texture": "#0"}
			}
		}
	],
	"display": {
		"thirdperson_righthand": {
			"rotation": [45, -180, 0],
			"translation": [0, 1, 0.5],
			"scale": [0.7, 0.7, 0.7]
		},
		"thirdperson_lefthand": {
			"rotation": [45, -180, 0],
			"translation": [0, 1, 0.5],
			"scale": [0.7, 0.7, 0.7]
		},
		"firstperson_righthand": {
			"rotation": [43, 169, -1],
			"translation": [2, 1.75, 0.5],
			"scale": [0.7, 0.7, 0.7]
		},
		"firstperson_lefthand": {
			"rotation": [43, 169, -1],
			"translation": [2, 1.75, 0.5],
			"scale": [0.7, 0.7, 0.7]
		},
		"ground": {
			"rotation": [45, -180, 0],
			"translation": [0, 6.25, 0.5],
			"scale": [0.7, 0.7, 0.7]
		},
		"gui": {
			"rotation": [9, 64, -36],
			"translation": [-1.75, -1.75, 0.5],
			"scale": [0.62, 0.62, 0.62]
		},
		"head": {
			"rotation": [45, -180, 0],
			"translation": [0, 7, 0.5],
			"scale": [0.7, 0.7, 0.7]
		},
		"fixed": {
			"rotation": [81, 105, -85],
			"translation": [0, -1.75, 0.5],
			"scale": [0.7, 0.7, 0.7]
		}
	},
	"groups": [
		{
			"name": "root",
			"origin": [8, 8, 8],
			"color": 0,
			"children": [0, 1, 2, 3, 4, 5, 6]
		}
	]
}